Date,Less than HS,High school,Some college,Bachelor degree,Advanced degree,Less than HS Share,High school Share,Some college Share,Bachelor degree Share,Advanced degree Share,Men Less than HS,Men High school,Men Some college,Men Bachelor degree,Men Advanced degree,Men Less than HS Share,Men High school Share,Men Some college Share,Men Bachelor degree Share,Men Advanced degree Share,Women Less than HS,Women High school,Women Some college,Women Bachelor degree,Women Advanced degree,Women Less than HS Share,Women High school Share,Women Some college Share,Women Bachelor degree Share,Women Advanced degree Share,White Less than HS,White High school,White Some college,White Bachelor degree,White Advanced degree,White Less than HS Share,White High school Share,White Some college Share,White Bachelor degree Share,White Advanced degree Share,Black Less than HS,Black High school,Black Some college,Black Bachelor degree,Black Advanced degree,Black Less than HS Share,Black High school Share,Black Some college Share,Black Bachelor degree Share,Black Advanced degree Share,Hispanic Less than HS,Hispanic High school,Hispanic Some college,Hispanic Bachelor degree,Hispanic Advanced degree,Hispanic Less than HS Share,Hispanic High school Share,Hispanic Some college Share,Hispanic Bachelor degree Share,Hispanic Advanced degree Share,White Men Less than HS,White Men High school,White Men Some college,White Men Bachelor degree,White Men Advanced degree,White Men Less than HS Share,White Men High school Share,White Men Some college Share,White Men Bachelor degree Share,White Men Advanced degree Share,Black Men Less than HS,Black Men High school,Black Men Some college,Black Men Bachelor degree,Black Men Advanced degree,Black Men Less than HS Share,Black Men High school Share,Black Men Some college Share,Black Men Bachelor degree Share,Black Men Advanced degree Share,Hispanic Men Less than HS,Hispanic Men High school,Hispanic Men Some college,Hispanic Men Bachelor degree,Hispanic Men Advanced degree,Hispanic Men Less than HS Share,Hispanic Men High school Share,Hispanic Men Some college Share,Hispanic Men Bachelor degree Share,Hispanic Men Advanced degree Share,White Women Less than HS,White Women High school,White Women Some college,White Women Bachelor degree,White Women Advanced degree,White Women Less than HS Share,White Women High school Share,White Women Some college Share,White Women Bachelor degree Share,White Women Advanced degree Share,Black Women Less than HS,Black Women High school,Black Women Some college,Black Women Bachelor degree,Black Women Advanced degree,Black Women Less than HS Share,Black Women High school Share,Black Women Some college Share,Black Women Bachelor degree Share,Black Women Advanced degree Share,Hispanic Women Less than HS,Hispanic Women High school,Hispanic Women Some college,Hispanic Women Bachelor degree,Hispanic Women Advanced degree,Hispanic Women Less than HS Share,Hispanic Women High school Share,Hispanic Women Some college Share,Hispanic Women Bachelor degree Share,Hispanic Women Advanced degree Share
2019,$14.08,$18.91,$20.97,$34.63,$45.07,8.0%,26.1%,27.7%,24.3%,13.8%,$15.33,$20.96,$23.58,$39.99,$52.38,9.3%,28.9%,26.4%,22.9%,12.5%,$12.20,$16.15,$18.44,$29.55,$38.64,6.7%,23.1%,29.2%,25.9%,15.3%,$13.88,$20.04,$22.26,$35.90,$45.29,4.5%,24.4%,28.2%,27.3%,15.6%,$12.40,$16.37,$17.86,$27.81,$37.33,6.3%,30.7%,32.7%,19.9%,10.3%,$14.60,$17.88,$19.23,$30.35,$40.80,22.0%,32.4%,26.3%,13.7%,5.7%,$15.43,$22.35,$25.25,$41.74,$53.19,5.1%,27.5%,27.3%,26.1%,14.1%,$13.17,$17.67,$19.24,$29.48,$40.95,6.9%,34.1%,31.7%,19.2%,8.0%,$15.67,$19.51,$21.27,$34.70,$45.64,25.4%,34.7%,23.5%,11.8%,4.6%,$11.74,$16.79,$19.24,$30.14,$38.30,3.9%,21.1%,29.1%,28.6%,17.2%,$11.62,$15.01,$16.75,$26.48,$35.32,5.8%,27.8%,33.6%,20.5%,12.3%,$12.67,$15.47,$17.20,$26.37,$36.96,17.7%,29.4%,29.6%,16.1%,7.2%
2018,$13.93,$18.79,$20.70,$33.96,$44.59,8.2%,25.9%,28.3%,24.1%,13.5%,$15.47,$20.72,$23.25,$39.29,$52.18,9.4%,28.8%,26.7%,22.7%,12.3%,$11.67,$16.15,$18.27,$28.86,$37.74,6.9%,22.8%,30.0%,25.6%,14.7%,$14.02,$20.11,$21.98,$35.38,$45.26,4.7%,24.2%,28.7%,27.3%,15.2%,$11.63,$15.85,$17.46,$27.96,$36.89,6.6%,30.4%,33.9%,18.9%,10.2%,$14.36,$17.59,$19.00,$29.00,$39.17,22.7%,32.1%,26.3%,13.5%,5.4%,$15.70,$22.27,$24.83,$41.31,$53.54,5.2%,27.3%,27.6%,26.1%,13.8%,$12.47,$16.91,$19.06,$29.20,$40.56,6.6%,34.5%,32.1%,18.3%,8.4%,$15.77,$19.26,$21.15,$32.56,$44.80,26.3%,34.3%,23.4%,11.5%,4.4%,$11.76,$17.06,$19.13,$29.52,$37.84,4.1%,20.9%,29.8%,28.5%,16.6%,$10.90,$14.69,$16.23,$26.96,$34.64,6.5%,26.8%,35.5%,19.4%,11.7%,$11.77,$15.10,$16.85,$25.75,$34.39,18.2%,29.2%,29.9%,16.1%,6.6%
2017,$13.91,$18.58,$20.37,$33.77,$43.16,8.4%,26.1%,28.7%,23.6%,13.2%,$15.40,$20.51,$22.64,$38.88,$49.60,9.7%,28.9%,27.1%,22.3%,12.1%,$11.70,$15.99,$18.20,$28.85,$37.35,7.0%,23.2%,30.4%,24.9%,14.4%,$13.94,$19.85,$21.54,$35.01,$43.71,4.7%,24.6%,29.1%,26.8%,14.8%,$12.17,$15.67,$17.30,$27.51,$35.55,7.2%,31.0%,34.1%,17.9%,9.8%,$14.28,$17.32,$18.86,$28.90,$38.38,23.8%,31.3%,26.2%,13.3%,5.4%,$15.57,$21.96,$24.12,$40.58,$50.36,5.2%,27.6%,28.0%,25.8%,13.4%,$13.11,$17.00,$18.43,$30.06,$38.98,7.3%,34.6%,32.8%,17.1%,8.1%,$15.65,$18.95,$20.61,$32.00,$44.20,27.6%,33.5%,23.2%,11.5%,4.3%,$11.76,$16.90,$18.98,$29.50,$37.77,4.2%,21.3%,30.4%,28.0%,16.2%,$11.35,$14.27,$16.39,$25.51,$33.43,7.1%,27.9%,35.2%,18.6%,11.3%,$11.67,$14.87,$17.13,$25.94,$33.58,18.8%,28.6%,30.2%,15.6%,6.8%
2016,$13.50,$18.35,$20.40,$33.84,$43.37,8.6%,26.3%,29.2%,23.0%,13.0%,$14.81,$20.11,$22.70,$39.30,$50.43,10.1%,28.8%,27.2%,21.8%,12.0%,$11.45,$16.01,$18.25,$28.54,$36.85,7.0%,23.5%,31.3%,24.2%,14.0%,$13.44,$19.55,$21.51,$34.91,$43.56,4.8%,24.8%,29.7%,26.0%,14.6%,$11.78,$15.68,$17.72,$28.05,$36.05,7.4%,31.2%,34.4%,17.8%,9.2%,$14.00,$17.01,$18.64,$29.95,$38.38,24.3%,31.3%,26.6%,12.3%,5.5%,$14.82,$21.61,$24.02,$40.88,$50.79,5.6%,27.5%,28.3%,25.0%,13.6%,$12.80,$16.67,$19.36,$30.90,$39.79,7.7%,35.5%,32.0%,17.0%,7.8%,$15.18,$18.39,$20.47,$34.03,$44.39,28.2%,32.9%,23.2%,11.0%,4.6%,$11.34,$16.78,$19.08,$29.03,$36.91,3.9%,21.9%,31.2%,27.1%,15.8%,$10.85,$14.60,$16.49,$25.83,$33.68,7.2%,27.5%,36.4%,18.5%,10.5%,$11.71,$14.95,$16.83,$25.70,$33.01,19.2%,29.1%,31.0%,13.9%,6.8%
2015,$13.32,$18.18,$20.25,$33.16,$42.31,8.8%,26.5%,29.2%,22.9%,12.6%,$14.53,$20.03,$22.71,$37.98,$49.21,10.3%,28.8%,27.3%,22.0%,11.7%,$11.44,$15.77,$17.94,$28.43,$35.96,7.1%,23.9%,31.3%,24.0%,13.6%,$13.40,$19.33,$21.42,$34.24,$42.81,4.9%,25.1%,29.9%,25.8%,14.3%,$11.92,$15.40,$17.12,$28.02,$35.94,7.1%,31.5%,34.5%,17.9%,9.0%,$13.50,$16.88,$18.35,$28.97,$36.71,25.7%,31.1%,26.1%,12.0%,5.0%,$14.99,$21.46,$24.15,$39.66,$50.13,5.6%,27.6%,28.5%,25.2%,13.1%,$12.71,$16.54,$18.42,$29.88,$41.54,7.6%,36.0%,31.9%,17.1%,7.3%,$14.44,$18.28,$20.38,$32.00,$42.37,29.8%,32.4%,23.1%,10.6%,4.1%,$11.08,$16.51,$18.77,$28.73,$36.19,4.1%,22.4%,31.5%,26.5%,15.5%,$11.17,$14.16,$16.17,$26.58,$32.65,6.7%,27.8%,36.5%,18.5%,10.4%,$11.73,$14.84,$16.30,$25.96,$31.78,20.5%,29.3%,30.1%,14.0%,6.2%
2014,$12.81,$17.77,$19.64,$31.87,$41.30,8.7%,27.1%,29.6%,22.5%,12.1%,$13.94,$19.57,$21.81,$35.95,$47.73,10.3%,29.3%,27.8%,21.3%,11.3%,$11.01,$15.48,$17.59,$27.94,$35.25,7.0%,24.7%,31.6%,23.8%,12.9%,$13.04,$18.92,$20.71,$32.86,$41.47,4.9%,26.0%,30.3%,25.3%,13.6%,$11.74,$15.38,$16.95,$26.93,$35.01,7.4%,31.5%,35.3%,16.8%,9.0%,$12.91,$16.10,$17.66,$27.78,$38.75,25.7%,31.4%,26.2%,12.2%,4.6%,$14.55,$21.04,$23.15,$37.39,$48.09,5.5%,28.4%,28.9%,24.5%,12.7%,$12.48,$16.67,$18.15,$27.67,$38.24,8.6%,35.2%,33.1%,15.8%,7.3%,$13.85,$17.21,$19.37,$30.73,$45.92,30.0%,32.7%,23.1%,10.4%,3.8%,$10.96,$16.17,$18.34,$28.36,$35.31,4.2%,23.4%,31.7%,26.2%,14.5%,$10.90,$14.06,$16.07,$26.38,$33.10,6.4%,28.5%,37.1%,17.7%,10.3%,$11.02,$14.46,$15.92,$24.93,$32.47,20.0%,29.5%,30.3%,14.4%,5.7%
2013,$12.77,$17.75,$19.66,$32.33,$42.41,8.8%,26.9%,30.0%,22.4%,11.8%,$13.86,$19.47,$21.90,$36.99,$49.23,10.5%,29.0%,27.9%,21.4%,11.2%,$11.03,$15.59,$17.58,$27.78,$35.85,7.0%,24.8%,32.3%,23.5%,12.5%,$12.90,$18.82,$20.70,$33.35,$42.94,4.9%,25.9%,30.7%,25.3%,13.2%,$11.71,$15.43,$16.93,$27.19,$36.34,7.3%,31.3%,35.4%,17.3%,8.6%,$12.96,$16.07,$17.66,$28.08,$38.47,26.8%,31.4%,25.9%,11.4%,4.5%,$14.30,$20.83,$23.30,$38.40,$50.15,5.6%,28.1%,29.1%,24.7%,12.6%,$12.58,$16.34,$18.15,$28.99,$40.84,8.0%,34.7%,33.7%,16.3%,7.2%,$13.81,$17.35,$19.01,$31.71,$44.88,31.5%,32.6%,22.3%,9.7%,3.9%,$10.89,$16.27,$18.23,$28.25,$36.03,4.2%,23.5%,32.5%,25.9%,13.9%,$10.84,$14.50,$16.00,$25.84,$33.55,6.7%,28.5%,36.8%,18.2%,9.7%,$11.18,$14.18,$16.34,$24.64,$32.26,20.4%,29.7%,30.8%,13.8%,5.4%
2012,$12.93,$17.92,$19.71,$32.12,$42.35,9.1%,27.3%,30.0%,22.0%,11.5%,$14.11,$19.79,$21.89,$36.92,$49.16,10.7%,29.4%,27.9%,21.0%,11.1%,$11.12,$15.57,$17.70,$27.48,$35.68,7.4%,25.1%,32.3%,23.2%,12.0%,$13.35,$19.02,$20.64,$33.08,$43.19,5.1%,26.3%,30.9%,24.9%,12.9%,$11.47,$15.65,$17.27,$27.15,$35.73,7.4%,32.1%,35.4%,16.9%,8.2%,$12.92,$16.05,$17.95,$27.33,$37.98,28.0%,31.1%,25.5%,10.9%,4.4%,$14.82,$21.19,$23.09,$38.20,$50.50,5.7%,28.6%,29.1%,24.1%,12.4%,$12.34,$16.85,$18.56,$29.27,$40.71,7.9%,36.1%,33.8%,15.2%,6.9%,$13.91,$17.27,$19.53,$30.87,$42.37,32.6%,32.2%,22.4%,9.1%,3.7%,$11.31,$16.24,$18.32,$27.93,$35.95,4.4%,23.9%,32.7%,25.6%,13.4%,$10.66,$14.44,$16.30,$25.71,$32.73,7.0%,28.8%,36.7%,18.2%,9.3%,$11.02,$14.33,$16.40,$24.10,$34.00,22.0%,29.8%,29.7%,13.1%,5.4%
2011,$13.07,$18.06,$20.01,$31.84,$41.56,9.4%,27.9%,29.8%,21.5%,11.4%,$14.12,$19.93,$22.14,$36.18,$47.31,11.1%,29.9%,27.7%,20.4%,10.9%,$11.42,$15.73,$18.03,$27.64,$35.98,7.6%,25.8%,32.0%,22.6%,12.0%,$13.26,$19.13,$20.82,$32.71,$42.19,5.3%,26.9%,30.8%,24.2%,12.8%,$12.26,$15.58,$17.34,$27.83,$35.04,8.2%,32.7%,34.6%,16.5%,8.0%,$13.07,$16.21,$18.50,$27.44,$38.44,29.2%,31.8%,24.8%,10.1%,4.1%,$14.77,$21.34,$23.21,$37.39,$48.22,5.9%,29.0%,29.2%,23.6%,12.3%,$12.81,$16.67,$18.62,$29.55,$38.02,9.1%,37.0%,32.0%,15.1%,6.8%,$13.87,$17.38,$19.92,$30.21,$42.61,33.7%,32.4%,21.8%,8.7%,3.3%,$11.28,$16.39,$18.57,$28.03,$36.34,4.7%,24.7%,32.5%,24.8%,13.3%,$11.71,$14.47,$16.43,$26.64,$33.21,7.4%,29.2%,36.7%,17.7%,9.0%,$11.41,$14.47,$16.99,$24.63,$34.59,22.9%,30.9%,29.0%,12.1%,5.1%
2010,$13.14,$18.40,$20.59,$32.69,$42.64,9.5%,28.2%,29.6%,21.5%,11.1%,$14.26,$20.34,$22.93,$37.32,$48.81,11.3%,29.9%,27.3%,20.6%,10.9%,$11.43,$16.10,$18.48,$28.25,$36.46,7.7%,26.4%,31.9%,22.5%,11.4%,$13.28,$19.32,$21.37,$33.75,$43.32,5.4%,27.5%,30.5%,24.0%,12.5%,$12.58,$16.12,$18.24,$27.64,$34.34,8.7%,32.6%,34.5%,16.5%,7.7%,$13.11,$16.83,$18.81,$28.69,$41.32,30.0%,31.1%,23.9%,10.9%,4.0%,$14.86,$21.61,$23.99,$38.76,$50.06,6.0%,29.3%,28.7%,23.6%,12.3%,$13.27,$17.14,$19.76,$29.07,$36.41,9.6%,36.0%,32.6%,14.9%,6.8%,$14.00,$18.23,$20.48,$32.75,$45.99,34.7%,32.1%,20.4%,9.2%,3.6%,$11.23,$16.62,$18.98,$28.75,$36.66,4.8%,25.7%,32.4%,24.4%,12.8%,$11.91,$15.14,$17.13,$26.68,$32.97,8.0%,30.0%,35.9%,17.8%,8.3%,$11.27,$14.72,$17.16,$24.81,$36.06,23.5%,29.7%,28.9%,13.4%,4.5%
2009,$13.46,$18.72,$20.81,$32.59,$42.92,10.0%,28.3%,29.7%,21.2%,10.8%,$14.78,$20.74,$23.37,$37.61,$49.23,11.7%,30.0%,27.4%,20.2%,10.7%,$11.48,$16.34,$18.54,$27.82,$36.52,8.1%,26.6%,32.0%,22.2%,11.0%,$13.64,$19.66,$21.60,$33.55,$43.51,5.8%,27.7%,30.8%,23.6%,12.1%,$12.29,$16.33,$18.19,$27.45,$36.13,8.9%,33.2%,34.5%,16.1%,7.3%,$13.54,$17.03,$19.16,$29.39,$40.53,31.1%,31.3%,23.4%,10.4%,3.8%,$15.44,$22.08,$24.44,$39.11,$50.36,6.5%,29.4%,29.0%,23.1%,12.0%,$13.11,$17.61,$19.39,$29.69,$38.71,9.5%,37.0%,31.8%,15.1%,6.6%,$14.52,$18.23,$21.23,$33.15,$44.26,35.6%,32.2%,19.8%,8.8%,3.6%,$11.29,$16.87,$19.03,$28.12,$36.65,5.1%,26.0%,32.6%,24.1%,12.3%,$11.56,$15.08,$17.37,$25.86,$34.40,8.5%,30.2%,36.7%,16.8%,7.8%,$11.56,$15.23,$17.15,$25.73,$36.12,24.7%,30.0%,28.5%,12.6%,4.2%
2008,$13.18,$18.28,$20.55,$32.36,$41.54,10.5%,28.8%,29.4%,20.8%,10.4%,$14.47,$20.35,$23.00,$36.99,$47.23,12.4%,30.4%,27.1%,19.9%,10.2%,$11.18,$15.80,$18.34,$27.81,$35.73,8.5%,27.1%,32.0%,21.7%,10.7%,$13.33,$19.24,$21.30,$33.28,$42.07,6.3%,28.2%,30.6%,23.1%,11.7%,$11.96,$15.78,$18.00,$27.38,$35.14,10.1%,34.2%,33.0%,15.9%,6.8%,$13.38,$16.72,$19.09,$28.50,$37.65,31.6%,31.2%,23.5%,9.9%,3.8%,$15.05,$21.65,$24.04,$38.45,$48.04,7.1%,29.9%,28.8%,22.8%,11.5%,$12.83,$16.97,$19.27,$28.35,$37.45,10.6%,37.5%,30.7%,14.9%,6.4%,$14.31,$18.11,$20.81,$31.99,$42.24,36.5%,31.9%,20.0%,8.3%,3.4%,$10.99,$16.38,$18.76,$28.03,$36.10,5.5%,26.4%,32.6%,23.5%,12.0%,$11.17,$14.59,$17.08,$26.65,$33.42,9.7%,31.4%,35.0%,16.7%,7.1%,$11.38,$14.59,$17.35,$25.06,$32.62,24.5%,30.2%,28.6%,12.2%,4.5%
2007,$13.27,$18.39,$20.83,$32.53,$41.34,11.4%,29.4%,28.9%,20.3%,10.0%,$14.50,$20.44,$23.30,$37.18,$46.84,13.4%,30.7%,26.6%,19.4%,9.9%,$11.32,$15.95,$18.57,$27.93,$35.54,9.2%,28.1%,31.3%,21.3%,10.2%,$13.42,$19.31,$21.58,$33.48,$42.03,6.9%,29.0%,30.3%,22.5%,11.3%,$12.44,$15.95,$18.49,$27.04,$35.00,10.5%,35.1%,32.1%,15.7%,6.6%,$13.37,$16.78,$19.16,$28.88,$39.10,34.4%,30.7%,21.7%,9.8%,3.5%,$14.92,$21.70,$24.33,$38.67,$48.21,7.7%,30.6%,28.5%,22.0%,11.3%,$13.47,$16.92,$19.74,$28.37,$36.58,11.4%,37.3%,30.4%,15.0%,6.0%,$14.37,$18.16,$20.90,$31.58,$42.99,39.8%,30.6%,18.2%,8.4%,3.0%,$11.40,$16.47,$18.99,$28.25,$35.57,6.1%,27.3%,32.2%,23.1%,11.4%,$11.43,$15.04,$17.54,$26.01,$33.86,9.8%,33.2%,33.6%,16.3%,7.0%,$11.15,$14.77,$17.43,$26.04,$35.06,26.4%,30.8%,26.8%,11.8%,4.2%
2006,$13.02,$18.49,$20.70,$32.32,$41.27,11.9%,29.6%,29.1%,19.6%,9.8%,$14.25,$20.58,$23.06,$36.67,$46.74,13.9%,30.9%,26.7%,18.7%,9.7%,$11.10,$16.01,$18.54,$28.03,$35.35,9.7%,28.2%,31.7%,20.6%,9.8%,$13.18,$19.37,$21.43,$33.23,$41.90,7.5%,29.3%,30.5%,21.7%,10.9%,$12.28,$16.18,$18.43,$27.92,$35.38,11.5%,34.4%,32.4%,15.3%,6.4%,$13.03,$16.73,$19.00,$27.62,$37.28,35.1%,30.6%,21.7%,9.1%,3.5%,$14.88,$21.80,$24.04,$38.05,$47.88,8.4%,30.8%,28.6%,21.2%,11.0%,$12.98,$17.54,$19.79,$29.57,$38.56,12.6%,37.1%,30.2%,14.4%,5.6%,$13.96,$18.00,$20.77,$30.05,$39.94,39.6%,31.0%,18.5%,7.6%,3.3%,$10.85,$16.50,$18.98,$28.34,$35.46,6.5%,27.8%,32.5%,22.3%,10.9%,$11.58,$14.87,$17.42,$26.68,$33.25,10.5%,32.1%,34.3%,16.0%,7.0%,$11.08,$14.77,$17.15,$25.17,$34.01,28.4%,29.9%,26.5%,11.3%,3.9%
2005,$13.07,$18.41,$20.76,$32.24,$41.15,12.0%,29.8%,29.2%,19.3%,9.7%,$14.38,$20.39,$23.15,$36.67,$46.57,14.0%,30.9%,26.8%,18.6%,9.7%,$11.05,$16.08,$18.57,$27.80,$35.29,9.8%,28.6%,31.8%,20.1%,9.7%,$13.27,$19.31,$21.49,$33.30,$41.59,7.5%,29.5%,30.6%,21.4%,10.9%,$12.14,$16.13,$18.08,$27.19,$35.12,11.4%,35.8%,31.9%,14.5%,6.3%,$13.11,$16.57,$19.07,$27.77,$37.62,36.2%,30.1%,21.7%,8.7%,3.2%,$14.98,$21.63,$24.13,$38.17,$47.35,8.4%,30.8%,28.6%,21.2%,11.0%,$13.02,$17.37,$19.27,$29.36,$37.84,12.6%,38.8%,29.7%,13.7%,5.2%,$14.09,$17.74,$20.82,$30.34,$41.20,40.9%,30.2%,18.5%,7.5%,2.9%,$10.96,$16.61,$19.04,$28.25,$35.37,6.6%,28.1%,32.7%,21.7%,10.8%,$11.27,$14.92,$17.21,$25.56,$33.49,10.5%,33.3%,33.8%,15.2%,7.2%,$11.04,$14.82,$17.24,$25.00,$33.36,29.2%,30.0%,26.6%,10.5%,3.7%
2004,$13.22,$18.63,$21.07,$32.13,$41.49,11.9%,30.1%,29.0%,19.4%,9.5%,$14.55,$20.74,$23.62,$36.47,$47.11,14.0%,30.8%,26.6%,18.9%,9.7%,$11.15,$16.25,$18.75,$27.67,$35.23,9.8%,29.4%,31.6%,19.8%,9.4%,$13.34,$19.49,$21.82,$32.99,$42.06,7.6%,29.8%,30.3%,21.5%,10.7%,$12.35,$16.53,$18.57,$28.09,$34.96,11.4%,36.1%,31.5%,15.2%,5.8%,$13.29,$16.67,$19.25,$28.29,$36.67,36.1%,30.0%,21.7%,8.9%,3.2%,$14.93,$21.98,$24.69,$37.81,$48.11,8.6%,30.6%,28.3%,21.5%,10.9%,$13.61,$17.82,$20.06,$30.28,$37.00,12.0%,38.9%,29.4%,14.3%,5.3%,$14.32,$17.78,$20.90,$30.45,$40.48,41.3%,29.7%,18.5%,7.8%,2.7%,$11.13,$16.71,$19.16,$27.86,$35.36,6.6%,29.0%,32.5%,21.5%,10.5%,$11.19,$15.30,$17.48,$26.46,$33.51,10.9%,33.8%,33.1%,15.9%,6.2%,$11.09,$15.06,$17.54,$25.94,$32.76,28.5%,30.4%,26.5%,10.6%,3.9%
2003,$13.34,$18.79,$21.13,$32.45,$40.88,12.3%,30.2%,29.0%,19.2%,9.2%,$14.67,$20.87,$23.63,$36.86,$45.86,14.3%,30.8%,26.6%,18.8%,9.5%,$11.34,$16.47,$18.88,$27.96,$35.28,10.1%,29.7%,31.5%,19.7%,9.0%,$13.53,$19.55,$21.81,$33.54,$41.68,7.9%,30.2%,30.2%,21.2%,10.4%,$12.90,$16.76,$18.91,$27.55,$33.53,12.2%,34.8%,32.5%,15.0%,5.5%,$13.27,$16.95,$19.22,$28.27,$36.11,36.8%,30.0%,21.5%,8.7%,3.1%,$15.23,$21.94,$24.64,$38.39,$47.05,8.9%,30.8%,28.1%,21.4%,10.8%,$14.46,$18.23,$20.28,$28.19,$34.36,13.0%,37.5%,31.2%,13.7%,4.7%,$14.18,$18.17,$20.81,$31.26,$39.78,41.6%,29.7%,18.2%,7.6%,3.0%,$11.22,$16.95,$19.23,$28.33,$35.69,6.9%,29.7%,32.3%,21.0%,10.1%,$11.47,$15.37,$17.87,$27.10,$33.01,11.5%,32.6%,33.7%,16.0%,6.1%,$11.40,$15.18,$17.59,$25.04,$31.38,29.7%,30.4%,26.2%,10.3%,3.4%
2002,$13.26,$18.69,$21.19,$32.55,$41.38,12.4%,30.6%,29.0%,18.9%,9.0%,$14.59,$20.90,$23.68,$37.01,$46.45,14.3%,31.0%,26.9%,18.5%,9.4%,$11.30,$16.24,$18.86,$27.97,$35.43,10.4%,30.2%,31.3%,19.4%,8.6%,$13.52,$19.55,$21.98,$33.62,$41.83,8.2%,30.6%,30.1%,20.9%,10.3%,$12.64,$16.38,$18.56,$27.68,$35.50,12.8%,35.0%,33.1%,14.0%,5.2%,$13.15,$16.57,$19.32,$27.50,$37.17,36.7%,30.2%,21.5%,8.6%,3.0%,$15.21,$22.09,$24.76,$38.43,$47.10,9.1%,31.0%,28.4%,20.9%,10.7%,$14.02,$17.58,$19.87,$29.60,$37.82,14.2%,37.8%,30.7%,12.7%,4.6%,$14.13,$18.06,$21.06,$29.97,$40.89,41.5%,29.5%,18.7%,7.6%,2.7%,$11.29,$16.76,$19.33,$28.46,$35.62,7.3%,30.2%,31.9%,20.9%,9.8%,$11.22,$15.21,$17.60,$26.31,$33.90,11.6%,32.6%,35.2%,15.0%,5.7%,$11.19,$14.56,$17.50,$24.81,$33.08,29.8%,31.2%,25.5%,10.0%,3.4%
2001,$13.01,$18.43,$21.02,$32.39,$40.39,12.8%,30.9%,29.1%,18.4%,8.8%,$14.18,$20.68,$23.70,$36.82,$45.04,14.6%,31.0%,27.0%,18.2%,9.2%,$11.27,$15.97,$18.51,$27.72,$34.90,10.8%,30.7%,31.4%,18.7%,8.4%,$13.25,$19.25,$21.78,$33.32,$40.95,8.6%,30.9%,30.2%,20.4%,10.0%,$12.25,$16.18,$18.34,$27.46,$34.67,13.0%,35.6%,32.7%,13.6%,5.2%,$12.93,$16.47,$19.10,$28.12,$34.54,37.8%,30.0%,21.3%,7.9%,3.0%,$14.77,$21.84,$24.76,$38.09,$45.77,9.4%,31.2%,28.5%,20.6%,10.4%,$13.13,$17.58,$19.92,$29.07,$37.75,14.2%,38.7%,30.0%,12.5%,4.7%,$13.77,$17.77,$20.82,$30.83,$36.73,42.8%,28.8%,18.7%,7.1%,2.6%,$11.25,$16.41,$18.93,$28.08,$35.26,7.7%,30.6%,32.0%,20.2%,9.5%,$11.39,$14.82,$17.21,$26.31,$32.52,11.9%,33.1%,35.0%,14.5%,5.6%,$11.21,$14.75,$17.22,$25.09,$32.14,30.5%,31.9%,25.0%,9.2%,3.5%
2000,$12.82,$18.18,$20.69,$31.84,$40.18,13.1%,31.3%,28.7%,18.2%,8.6%,$14.09,$20.52,$23.40,$36.19,$44.98,15.0%,31.3%,26.7%,17.9%,9.0%,$10.94,$15.62,$18.14,$27.25,$34.39,11.1%,31.2%,30.9%,18.5%,8.2%,$13.04,$18.93,$21.36,$32.73,$40.69,9.1%,31.4%,29.8%,20.1%,9.7%,$12.32,$16.04,$18.34,$27.09,$35.61,13.3%,36.2%,32.1%,13.1%,5.3%,$12.71,$16.17,$18.85,$27.11,$36.19,37.9%,29.8%,21.4%,8.0%,3.0%,$14.61,$21.67,$24.34,$37.48,$45.65,10.0%,31.3%,28.0%,20.4%,10.2%,$13.33,$17.46,$20.01,$28.02,$40.05,14.4%,38.5%,29.6%,12.4%,5.0%,$13.70,$17.40,$20.59,$29.43,$40.47,42.5%,29.1%,18.9%,6.8%,2.7%,$10.93,$15.98,$18.51,$27.47,$34.67,8.0%,31.4%,31.6%,19.9%,9.1%,$11.31,$14.69,$17.12,$26.37,$32.22,12.3%,34.2%,34.1%,13.7%,5.6%,$10.74,$14.45,$16.93,$24.71,$31.16,31.2%,30.7%,25.0%,9.7%,3.4%
1999,$12.77,$18.06,$20.41,$31.24,$40.21,13.0%,31.7%,28.8%,18.1%,8.5%,$14.12,$20.37,$23.01,$35.57,$45.02,14.6%,31.8%,26.8%,17.8%,8.9%,$10.85,$15.53,$17.95,$26.67,$34.39,11.2%,31.5%,30.9%,18.3%,8.0%,$13.08,$18.73,$21.13,$32.02,$40.86,9.5%,31.8%,29.3%,19.9%,9.5%,$12.16,$15.90,$17.95,$27.05,$34.43,13.0%,36.5%,32.8%,12.8%,5.0%,$12.49,$16.29,$18.35,$27.33,$38.28,37.2%,29.8%,22.1%,7.9%,2.9%,$14.69,$21.32,$23.97,$36.66,$45.82,10.5%,31.7%,27.7%,20.0%,10.1%,$13.35,$17.49,$19.52,$28.68,$37.48,13.4%,39.5%,30.6%,12.1%,4.4%,$13.49,$17.77,$20.01,$30.05,$43.82,41.7%,29.3%,19.3%,6.9%,2.8%,$10.85,$15.92,$18.36,$26.89,$34.74,8.3%,31.8%,31.2%,19.8%,8.9%,$11.11,$14.34,$16.78,$25.81,$32.36,12.6%,34.0%,34.7%,13.3%,5.4%,$10.62,$14.31,$16.63,$24.54,$31.41,31.1%,30.4%,26.0%,9.4%,3.1%
1998,$12.73,$17.81,$20.12,$30.56,$38.87,13.4%,31.9%,28.7%,17.8%,8.2%,$14.02,$20.09,$22.60,$34.63,$43.17,15.3%,31.9%,26.7%,17.5%,8.6%,$10.83,$15.33,$17.77,$26.22,$33.69,11.3%,31.9%,30.9%,18.0%,7.8%,$13.11,$18.48,$20.75,$31.34,$39.62,9.7%,32.1%,29.5%,19.6%,9.2%,$11.97,$15.62,$17.99,$26.37,$33.72,14.5%,36.6%,31.4%,12.8%,4.7%,$12.34,$16.18,$18.44,$26.91,$34.26,38.3%,28.9%,22.1%,7.8%,2.9%,$14.75,$21.02,$23.49,$35.81,$44.29,10.8%,32.1%,27.8%,19.6%,9.7%,$12.88,$17.12,$19.51,$28.00,$35.97,16.2%,38.4%,29.0%,12.3%,4.0%,$13.23,$17.63,$19.95,$29.41,$37.57,42.9%,28.0%,19.4%,7.0%,2.7%,$10.86,$15.70,$18.09,$26.46,$33.90,8.5%,32.1%,31.3%,19.5%,8.6%,$10.98,$14.20,$16.85,$25.06,$32.26,13.0%,35.0%,33.5%,13.2%,5.3%,$10.57,$14.21,$16.78,$24.08,$30.02,31.6%,30.2%,26.1%,9.1%,3.1%
1997,$12.29,$17.43,$19.69,$29.22,$38.17,13.3%,32.5%,28.7%,17.5%,7.9%,$13.49,$19.73,$22.14,$33.06,$42.35,15.3%,32.3%,26.9%,17.2%,8.4%,$10.50,$14.95,$17.34,$25.20,$33.03,11.2%,32.8%,30.6%,18.0%,7.4%,$12.62,$18.10,$20.35,$29.95,$38.91,9.6%,32.8%,29.4%,19.3%,8.8%,$11.83,$15.23,$17.38,$24.57,$31.46,14.8%,37.4%,31.1%,12.2%,4.5%,$11.89,$15.60,$17.80,$25.90,$33.69,38.2%,29.2%,22.3%,7.5%,2.8%,$14.15,$20.72,$23.08,$34.04,$43.34,10.8%,32.6%,28.0%,19.3%,9.4%,$12.86,$16.70,$18.67,$26.30,$34.14,16.6%,39.2%,28.8%,11.4%,3.9%,$12.64,$16.99,$19.31,$27.78,$35.76,42.7%,28.0%,19.9%,6.6%,2.8%,$10.47,$15.30,$17.67,$25.52,$33.46,8.4%,33.0%,31.0%,19.3%,8.3%,$10.70,$13.83,$16.41,$23.24,$29.62,13.2%,35.8%,33.1%,12.9%,4.9%,$10.34,$13.69,$16.05,$23.79,$30.50,31.3%,31.0%,26.1%,8.9%,2.8%
1996,$12.19,$17.15,$19.32,$28.40,$37.87,13.1%,32.5%,29.2%,17.3%,8.0%,$13.50,$19.32,$21.66,$32.16,$41.84,14.9%,32.4%,27.2%,16.9%,8.5%,$10.27,$14.78,$17.08,$24.44,$32.86,11.1%,32.6%,31.3%,17.6%,7.4%,$12.45,$17.81,$19.97,$29.12,$38.51,9.7%,32.7%,29.8%,18.9%,8.9%,$11.87,$14.77,$16.71,$24.01,$31.62,14.6%,36.6%,32.0%,12.1%,4.6%,$11.86,$15.21,$17.52,$24.98,$36.19,37.8%,30.0%,22.0%,7.5%,2.8%,$14.08,$20.30,$22.55,$33.12,$42.78,10.7%,32.6%,28.2%,19.0%,9.5%,$13.25,$15.83,$18.09,$25.88,$32.14,16.7%,38.9%,29.5%,10.4%,4.3%,$12.61,$16.42,$18.97,$26.37,$37.83,42.7%,28.9%,18.9%,6.7%,2.8%,$10.25,$15.13,$17.46,$24.74,$33.09,8.7%,32.8%,31.5%,18.9%,8.2%,$10.28,$13.72,$15.66,$22.74,$31.22,12.8%,34.6%,34.2%,13.5%,4.9%,$10.28,$13.57,$15.97,$23.38,$33.75,30.5%,31.6%,26.5%,8.6%,2.8%
1995,$12.19,$17.19,$19.26,$28.71,$37.80,13.0%,32.7%,29.6%,16.8%,7.9%,$13.45,$19.40,$21.65,$32.39,$41.87,14.7%,32.4%,27.5%,16.8%,8.5%,$10.35,$14.81,$16.98,$24.65,$32.51,11.1%,33.0%,31.9%,16.8%,7.2%,$12.58,$17.79,$19.75,$29.29,$38.20,9.7%,32.8%,30.1%,18.4%,8.9%,$11.94,$14.92,$17.17,$25.17,$33.64,14.4%,37.1%,32.1%,12.1%,4.4%,$11.55,$15.48,$17.84,$24.81,$36.71,38.1%,29.2%,23.0%,7.0%,2.6%,$14.14,$20.28,$22.38,$33.24,$42.57,10.7%,32.5%,28.3%,18.9%,9.7%,$13.23,$16.24,$18.40,$26.06,$34.30,15.8%,39.6%,29.3%,11.3%,4.0%,$12.35,$16.68,$19.50,$26.27,$40.03,42.8%,27.7%,20.9%,6.0%,2.7%,$10.46,$15.13,$17.21,$24.76,$32.43,8.6%,33.2%,32.1%,18.0%,8.1%,$10.54,$13.57,$16.24,$24.46,$33.12,13.2%,34.9%,34.5%,12.7%,4.7%,$9.92,$13.90,$15.88,$23.29,$31.64,31.2%,31.4%,26.2%,8.6%,2.6%
1994,$12.52,$17.37,$19.45,$28.59,$37.97,13.0%,33.3%,29.2%,16.8%,7.7%,$13.73,$19.56,$21.75,$32.23,$41.60,14.9%,32.8%,27.2%,16.8%,8.3%,$10.71,$15.03,$17.27,$24.54,$33.31,11.0%,33.9%,31.4%,16.7%,7.1%,$12.86,$17.89,$19.93,$29.18,$38.37,9.8%,33.7%,29.7%,18.2%,8.6%,$12.47,$15.24,$17.48,$24.82,$33.02,15.1%,36.9%,31.4%,12.4%,4.2%,$11.83,$16.08,$17.94,$25.77,$36.94,37.9%,29.3%,23.0%,7.0%,2.7%,$14.45,$20.34,$22.47,$33.06,$42.22,10.9%,33.1%,28.0%,18.7%,9.3%,$13.83,$16.71,$18.73,$26.29,$33.63,17.1%,38.6%,28.8%,11.7%,3.8%,$12.44,$17.33,$19.25,$27.85,$40.38,42.8%,28.1%,20.2%,6.3%,2.6%,$10.65,$15.30,$17.48,$24.71,$33.37,8.5%,34.3%,31.6%,17.7%,7.9%,$10.88,$13.79,$16.52,$23.60,$32.54,13.3%,35.4%,33.9%,13.0%,4.4%,$10.55,$14.39,$16.48,$23.33,$32.29,30.7%,31.1%,27.2%,8.1%,2.9%
1993,$12.76,$17.17,$19.46,$28.10,$36.22,13.4%,34.4%,28.2%,16.3%,7.7%,$14.06,$19.38,$21.71,$31.78,$40.26,15.4%,33.7%,26.3%,16.3%,8.2%,$10.80,$14.84,$17.32,$24.10,$31.00,11.3%,35.1%,30.2%,16.4%,7.0%,$13.18,$17.70,$19.95,$28.60,$36.80,10.2%,34.8%,28.8%,17.8%,8.4%,$12.48,$14.99,$17.23,$25.11,$31.37,15.7%,39.1%,29.3%,11.5%,4.4%,$12.01,$15.73,$18.17,$24.88,$33.13,38.3%,29.2%,22.7%,6.9%,2.9%,$14.85,$20.21,$22.42,$32.55,$41.20,11.5%,34.1%,27.2%,18.1%,9.2%,$13.61,$16.16,$18.40,$26.45,$31.61,17.9%,40.5%,26.4%,11.0%,4.2%,$12.77,$16.88,$19.66,$27.11,$34.22,43.1%,27.7%,20.4%,6.1%,2.6%,$10.85,$15.09,$17.56,$24.19,$31.03,8.9%,35.5%,30.5%,17.5%,7.6%,$11.12,$13.84,$16.34,$23.98,$31.17,13.7%,37.7%,31.9%,12.0%,4.7%,$10.44,$14.20,$16.42,$22.35,$31.88,31.0%,31.5%,26.0%,8.1%,3.4%
1992,$12.99,$17.17,$19.45,$28.10,$35.77,14.0%,35.0%,27.5%,15.9%,7.5%,$14.35,$19.50,$21.80,$31.79,$39.83,16.0%,34.1%,25.8%,16.0%,8.2%,$10.96,$14.75,$17.18,$24.04,$30.43,11.8%,36.1%,29.4%,15.9%,6.8%,$13.37,$17.72,$19.88,$28.60,$36.34,10.6%,35.4%,28.3%,17.4%,8.3%,$12.72,$14.93,$17.44,$24.59,$30.59,17.6%,39.2%,28.2%,10.6%,4.4%,$12.27,$15.54,$18.25,$25.38,$31.84,38.7%,30.3%,21.2%,6.9%,2.9%,$15.14,$20.33,$22.55,$32.58,$40.70,11.9%,34.6%,26.6%,17.8%,9.1%,$13.73,$16.21,$18.46,$25.86,$31.61,20.0%,39.3%,26.9%,9.8%,4.0%,$13.02,$16.88,$19.76,$27.25,$33.11,43.9%,28.5%,18.9%,6.0%,2.7%,$10.90,$15.02,$17.32,$24.06,$30.52,9.2%,36.3%,30.1%,17.0%,7.4%,$11.54,$13.75,$16.59,$23.60,$29.80,15.5%,39.1%,29.3%,11.4%,4.7%,$10.64,$13.79,$16.50,$23.29,$30.25,30.9%,33.1%,24.6%,8.2%,3.2%
1991,$13.10,$17.27,$19.65,$27.85,$35.57,14.8%,35.5%,26.2%,16.0%,7.5%,$14.55,$19.65,$22.25,$31.77,$39.65,17.0%,34.1%,24.6%,16.0%,8.3%,$10.90,$14.83,$17.10,$23.52,$29.80,12.5%,37.0%,27.8%,16.1%,6.5%,$13.59,$17.83,$20.07,$28.38,$36.04,11.5%,35.8%,27.1%,17.4%,8.3%,$12.36,$15.05,$17.83,$24.36,$29.75,18.0%,40.7%,26.4%,11.0%,3.9%,$12.34,$15.56,$18.34,$24.42,$31.78,40.8%,29.9%,19.5%,7.0%,2.7%,$15.46,$20.55,$22.90,$32.66,$40.34,12.9%,34.4%,25.7%,17.6%,9.4%,$13.48,$16.28,$19.46,$25.49,$31.40,20.3%,41.6%,24.3%,10.3%,3.5%,$13.14,$16.75,$20.15,$26.28,$33.72,45.9%,27.6%,17.7%,6.3%,2.5%,$10.94,$15.07,$17.26,$23.55,$29.79,10.0%,37.3%,28.5%,17.1%,7.1%,$11.01,$13.84,$16.52,$23.43,$28.46,15.8%,39.9%,28.4%,11.7%,4.2%,$10.65,$14.08,$16.18,$22.20,$29.49,33.1%,33.4%,22.4%,8.0%,3.2%
1990,$13.15,$17.25,$19.73,$28.14,$34.90,15.6%,35.8%,25.6%,15.6%,7.4%,$14.77,$19.83,$22.50,$32.13,$38.97,17.8%,34.3%,23.9%,15.6%,8.3%,$10.69,$14.58,$17.02,$23.65,$28.95,13.2%,37.4%,27.5%,15.6%,6.4%,$13.56,$17.78,$20.18,$28.74,$35.33,12.2%,36.2%,26.4%,17.0%,8.2%,$12.42,$15.07,$17.66,$23.50,$30.05,19.4%,40.6%,25.5%,10.4%,4.1%,$12.58,$15.67,$18.24,$26.19,$31.31,41.6%,30.0%,19.3%,6.5%,2.5%,$15.52,$20.68,$23.17,$33.04,$39.61,13.6%,34.7%,25.0%,17.2%,9.4%,$13.81,$16.52,$19.37,$24.93,$31.52,22.4%,41.5%,22.5%,9.8%,3.9%,$13.57,$17.02,$20.08,$28.37,$34.03,46.2%,28.0%,17.5%,6.1%,2.2%,$10.73,$14.81,$17.18,$23.76,$28.91,10.6%,37.8%,28.0%,16.7%,7.0%,$10.66,$13.65,$16.40,$22.29,$28.81,16.6%,39.8%,28.4%,10.9%,4.3%,$10.55,$13.92,$16.02,$23.27,$28.25,34.6%,33.2%,22.2%,7.0%,3.0%
1989,$13.51,$17.54,$19.76,$27.87,$34.78,16.1%,36.1%,25.1%,15.3%,7.5%,$15.40,$20.37,$22.53,$31.98,$38.46,18.1%,34.4%,23.7%,15.4%,8.4%,$10.71,$14.65,$17.01,$23.13,$29.31,13.8%,38.0%,26.8%,15.1%,6.4%,$13.92,$18.03,$20.17,$28.45,$35.21,13.0%,36.7%,25.7%,16.4%,8.2%,$12.56,$15.34,$17.73,$23.71,$30.27,20.8%,39.4%,25.5%,10.2%,4.1%,$13.00,$15.96,$18.43,$25.06,$32.99,41.6%,29.7%,19.3%,6.7%,2.7%,$16.15,$21.15,$23.25,$32.86,$39.06,14.4%,34.9%,24.4%,16.9%,9.4%,$14.13,$16.99,$19.12,$24.97,$30.56,23.7%,40.0%,23.4%,9.4%,3.6%,$14.16,$17.69,$19.88,$27.53,$36.16,47.0%,26.8%,17.3%,6.2%,2.6%,$10.75,$14.87,$17.08,$23.19,$29.25,11.4%,38.7%,27.2%,15.9%,6.9%,$10.60,$13.71,$16.60,$22.70,$30.05,18.1%,38.8%,27.6%,11.1%,4.5%,$10.60,$13.94,$16.75,$21.95,$28.73,33.6%,33.9%,22.3%,7.3%,2.9%
1988,$13.79,$18.06,$20.12,$29.19,$35.93,16.4%,36.4%,24.7%,15.2%,7.2%,$15.74,$21.12,$23.34,$34.38,$40.50,18.5%,34.6%,23.1%,15.5%,8.3%,$10.89,$14.93,$16.94,$23.04,$28.81,14.1%,38.5%,26.5%,14.9%,6.0%,$14.26,$18.55,$20.52,$29.83,$36.31,13.4%,37.0%,25.3%,16.3%,7.9%,$12.87,$15.87,$18.40,$24.97,$33.10,21.8%,39.6%,24.5%,10.1%,4.0%,$12.97,$16.22,$18.55,$25.69,$33.21,41.0%,29.9%,18.9%,7.3%,2.8%,$16.55,$21.94,$24.04,$35.19,$41.01,15.0%,35.0%,23.8%,17.0%,9.2%,$14.53,$17.68,$20.81,$28.03,$35.06,24.8%,39.6%,23.1%,8.6%,3.9%,$14.14,$18.11,$20.04,$28.75,$37.02,45.4%,28.4%,16.3%,7.1%,2.8%,$10.94,$15.12,$17.00,$23.19,$28.77,11.7%,39.3%,27.0%,15.6%,6.5%,$10.77,$14.13,$16.31,$22.75,$31.28,18.8%,39.7%,25.9%,11.5%,4.1%,$10.72,$13.78,$16.98,$21.48,$27.65,34.6%,32.2%,22.8%,7.6%,2.8%
1987,$13.77,$18.00,$20.25,$29.00,$35.43,16.7%,36.8%,24.6%,15.1%,6.8%,$15.77,$21.11,$23.60,$34.14,$39.82,18.7%,34.7%,23.3%,15.5%,7.8%,$10.80,$14.84,$16.82,$22.82,$28.56,14.4%,39.1%,26.1%,14.7%,5.7%,$14.13,$18.47,$20.70,$29.64,$35.74,13.8%,37.5%,25.1%,16.2%,7.4%,$13.03,$15.77,$18.06,$24.22,$31.39,22.4%,39.2%,24.6%,10.0%,3.8%,$13.16,$16.33,$18.44,$25.91,$32.54,40.0%,30.1%,19.9%,7.2%,2.8%,$16.48,$21.89,$24.38,$34.99,$40.21,15.3%,35.3%,24.0%,16.8%,8.6%,$14.65,$17.63,$20.02,$26.83,$34.07,25.4%,38.9%,23.0%,9.3%,3.5%,$14.32,$18.18,$20.03,$29.38,$35.31,44.7%,28.0%,18.0%,6.5%,2.9%,$10.76,$15.03,$16.90,$22.95,$28.46,12.2%,40.0%,26.4%,15.4%,6.0%,$11.01,$14.01,$16.39,$22.03,$29.22,19.5%,39.6%,26.1%,10.6%,4.1%,$10.75,$13.95,$16.53,$21.85,$28.25,32.8%,33.2%,22.8%,8.4%,2.8%
1986,$14.06,$18.01,$20.20,$28.54,$34.85,16.9%,37.1%,24.4%,14.9%,6.7%,$16.11,$21.18,$23.62,$33.66,$39.08,18.8%,34.9%,23.2%,15.4%,7.7%,$11.00,$14.80,$16.63,$22.24,$27.99,14.5%,39.8%,25.8%,14.4%,5.5%,$14.47,$18.45,$20.59,$29.11,$35.15,14.1%,37.7%,25.0%,16.0%,7.3%,$13.28,$15.76,$17.94,$23.56,$30.94,23.2%,39.6%,23.8%,10.0%,3.4%,$13.31,$16.48,$18.82,$25.89,$31.57,39.8%,31.3%,18.8%,7.1%,2.9%,$16.82,$21.96,$24.28,$34.44,$39.45,15.6%,35.2%,24.0%,16.7%,8.5%,$14.99,$17.53,$20.05,$26.04,$33.53,26.1%,39.4%,22.3%,9.2%,3.1%,$14.60,$18.19,$20.90,$29.14,$36.00,44.4%,29.1%,17.0%,6.6%,2.9%,$11.04,$14.93,$16.69,$22.31,$27.95,12.3%,40.5%,26.2%,15.1%,5.8%,$11.16,$14.06,$16.15,$21.50,$28.87,20.3%,39.9%,25.3%,10.7%,3.7%,$10.65,$14.28,$16.32,$21.77,$25.25,32.7%,34.7%,21.6%,8.0%,3.1%
1985,$14.05,$17.83,$19.75,$27.52,$33.48,17.5%,37.1%,24.1%,14.7%,6.6%,$16.13,$21.09,$22.93,$32.33,$37.35,19.5%,34.7%,23.1%,15.0%,7.7%,$10.91,$14.50,$16.33,$21.58,$26.99,15.2%,39.9%,25.3%,14.2%,5.4%,$14.51,$18.26,$20.15,$27.96,$33.86,14.6%,37.8%,24.7%,15.7%,7.2%,$12.96,$15.47,$17.49,$24.03,$29.90,24.7%,38.9%,23.5%,9.3%,3.7%,$13.32,$16.46,$18.59,$24.79,$30.60,41.9%,29.8%,18.7%,6.7%,2.8%,$16.92,$21.82,$23.57,$32.94,$37.86,16.1%,35.3%,23.8%,16.4%,8.4%,$14.58,$17.18,$19.25,$26.85,$32.70,28.2%,38.3%,21.9%,7.9%,3.6%,$14.53,$18.50,$20.69,$27.69,$34.14,46.5%,27.6%,16.9%,6.3%,2.7%,$10.92,$14.63,$16.40,$21.50,$26.94,12.8%,40.8%,25.7%,14.9%,5.7%,$10.88,$13.86,$15.99,$21.97,$27.33,21.3%,39.5%,24.9%,10.5%,3.8%,$10.83,$13.88,$16.06,$21.07,$25.69,34.7%,33.3%,21.5%,7.5%,3.0%
1984,$14.17,$17.74,$19.55,$27.15,$32.73,17.8%,37.4%,23.9%,14.4%,6.6%,$16.31,$21.02,$22.69,$32.01,$36.09,19.7%,34.8%,23.0%,14.7%,7.8%,$10.96,$14.38,$16.11,$21.07,$26.69,15.6%,40.3%,25.0%,14.0%,5.1%,$14.59,$18.12,$19.87,$27.67,$32.92,15.2%,38.0%,24.3%,15.4%,7.1%,$13.09,$15.48,$17.77,$23.15,$29.55,25.6%,38.4%,23.1%,9.1%,3.8%,$13.38,$16.61,$18.32,$23.08,$30.37,41.7%,30.3%,19.5%,5.9%,2.6%,$16.95,$21.64,$23.15,$32.66,$36.38,16.8%,35.3%,23.5%,16.0%,8.4%,$14.89,$17.36,$20.09,$26.54,$31.25,28.8%,38.0%,21.6%,7.8%,3.9%,$14.83,$18.72,$20.72,$26.01,$32.55,45.8%,27.9%,18.0%,5.7%,2.7%,$11.01,$14.49,$16.21,$21.08,$26.48,13.3%,41.3%,25.3%,14.6%,5.5%,$10.83,$13.67,$15.76,$20.67,$27.79,22.5%,38.8%,24.6%,10.4%,3.7%,$10.82,$14.20,$15.54,$19.42,$26.93,36.1%,33.7%,21.5%,6.3%,2.4%
1983,$14.36,$17.85,$19.47,$26.85,$32.13,18.5%,37.2%,23.6%,14.3%,6.5%,$16.51,$21.26,$22.75,$31.64,$35.41,20.5%,34.3%,22.6%,14.7%,7.9%,$11.11,$14.43,$15.93,$20.75,$25.90,16.1%,40.5%,24.8%,13.7%,4.9%,$14.78,$18.18,$19.78,$27.28,$32.23,15.8%,37.9%,24.1%,15.3%,7.0%,$13.45,$15.90,$17.57,$22.86,$29.48,27.8%,37.6%,22.4%,8.6%,3.7%,$13.37,$16.68,$18.73,$24.31,$28.61,42.4%,30.5%,18.7%,6.1%,2.3%,$17.20,$21.84,$23.23,$32.17,$35.44,17.4%,34.8%,23.2%,16.1%,8.6%,$15.11,$17.95,$20.05,$25.69,$32.29,31.5%,37.0%,20.5%,7.3%,3.6%,$14.78,$18.91,$20.52,$27.74,$31.78,46.4%,28.2%,17.4%,5.6%,2.4%,$11.12,$14.53,$15.98,$20.72,$25.87,13.7%,41.6%,25.1%,14.3%,5.2%,$11.29,$13.93,$15.48,$20.74,$26.77,24.1%,38.2%,24.2%,9.8%,3.7%,$10.79,$14.00,$16.55,$20.25,$22.99,36.7%,33.9%,20.6%,6.8%,2.0%
1982,$14.61,$18.05,$19.60,$26.70,$31.53,19.6%,37.4%,23.1%,13.7%,6.2%,$16.90,$21.53,$22.91,$31.28,$34.90,21.5%,34.4%,22.2%,14.4%,7.5%,$11.20,$14.53,$15.96,$20.59,$25.17,17.2%,40.9%,24.2%,12.9%,4.7%,$15.06,$18.36,$19.95,$27.19,$31.63,16.7%,38.3%,23.6%,14.6%,6.7%,$13.48,$15.88,$17.40,$22.56,$28.31,29.4%,37.2%,21.7%,8.4%,3.4%,$13.69,$16.98,$18.33,$23.75,$29.20,44.6%,29.2%,17.8%,6.3%,2.1%,$17.60,$22.09,$23.44,$31.89,$35.06,18.4%,35.1%,22.8%,15.6%,8.1%,$15.35,$17.96,$19.43,$25.23,$29.98,32.7%,36.4%,20.4%,7.3%,3.2%,$15.09,$19.16,$20.70,$26.16,$30.49,48.9%,26.6%,16.4%,5.7%,2.4%,$11.23,$14.60,$16.03,$20.58,$24.95,14.8%,42.1%,24.6%,13.4%,5.0%,$11.19,$13.94,$15.62,$20.57,$26.78,26.1%,38.0%,22.9%,9.5%,3.5%,$11.07,$14.40,$15.45,$20.95,$26.40,38.3%,33.1%,19.8%,7.2%,1.6%
1981,$14.92,$18.07,$19.63,$26.36,$30.86,21.1%,37.4%,22.6%,13.0%,5.9%,$17.16,$21.70,$22.93,$30.94,$33.83,23.2%,34.1%,21.9%,13.7%,7.1%,$11.46,$14.38,$15.84,$20.04,$24.91,18.6%,41.4%,23.4%,12.2%,4.4%,$15.37,$18.37,$19.92,$26.83,$30.95,18.2%,38.3%,23.1%,14.0%,6.4%,$13.82,$16.03,$17.96,$22.36,$28.76,31.0%,37.1%,20.7%,8.1%,3.1%,$13.81,$16.96,$18.70,$22.93,$31.12,46.9%,28.3%,17.3%,5.4%,2.0%,$17.88,$22.22,$23.37,$31.52,$34.02,19.9%,34.9%,22.5%,14.9%,7.8%,$15.79,$18.37,$20.23,$24.41,$30.53,34.7%,35.6%,19.8%,6.9%,3.0%,$15.03,$19.54,$21.37,$26.12,$32.60,51.6%,24.7%,16.1%,5.2%,2.4%,$11.53,$14.46,$15.86,$19.98,$24.56,16.1%,42.6%,23.9%,12.7%,4.6%,$11.26,$13.86,$15.85,$20.81,$27.13,27.2%,38.7%,21.6%,9.3%,3.2%,$11.37,$14.10,$15.28,$18.60,$27.27,39.6%,33.9%,19.2%,5.8%,1.4%
1980,$15.22,$18.26,$19.86,$26.25,$31.05,22.2%,37.1%,22.2%,12.9%,5.7%,$17.55,$22.00,$23.26,$30.72,$34.08,24.4%,33.7%,21.6%,13.4%,6.9%,$11.55,$14.45,$15.83,$20.06,$24.88,19.4%,41.4%,22.8%,12.2%,4.2%,$15.67,$18.59,$20.18,$26.59,$31.11,19.3%,38.0%,22.8%,13.8%,6.1%,$13.78,$16.20,$18.14,$22.92,$30.67,33.2%,36.5%,19.6%,7.7%,3.0%,$14.33,$16.98,$18.30,$24.01,$28.84,47.6%,28.0%,16.5%,5.5%,2.4%,$18.25,$22.55,$23.76,$31.12,$34.14,21.1%,34.4%,22.4%,14.7%,7.5%,$15.61,$18.54,$20.45,$25.59,$34.03,37.4%,34.5%,18.8%,6.4%,2.9%,$15.84,$19.47,$20.34,$27.37,$31.39,52.5%,24.5%,15.5%,5.0%,2.4%,$11.62,$14.52,$15.83,$19.97,$24.57,17.0%,42.5%,23.4%,12.7%,4.4%,$11.34,$14.06,$15.98,$20.96,$27.59,28.8%,38.5%,20.5%,9.0%,3.2%,$11.25,$14.12,$15.61,$19.75,$24.66,40.0%,33.3%,18.2%,6.2%,2.3%
1979,$15.69,$18.89,$20.27,$26.71,$31.62,23.4%,37.0%,21.8%,12.4%,5.4%,$18.12,$22.76,$23.75,$31.21,$34.53,25.4%,33.7%,21.4%,12.9%,6.6%,$11.83,$14.81,$15.95,$20.33,$25.19,20.8%,41.3%,22.3%,11.7%,3.9%,$16.15,$19.22,$20.59,$27.07,$31.87,20.5%,38.0%,22.4%,13.3%,5.8%,$14.33,$16.72,$18.48,$23.40,$28.65,35.0%,35.1%,19.3%,7.3%,3.2%,$14.69,$17.44,$18.72,$23.30,$30.11,48.3%,28.5%,16.1%,4.8%,2.2%,$18.82,$23.29,$24.23,$31.60,$34.78,22.2%,34.5%,22.1%,14.0%,7.2%,$16.25,$19.26,$21.00,$26.66,$31.80,39.5%,33.5%,17.7%,6.2%,3.0%,$16.33,$20.19,$20.72,$26.62,$31.39,52.0%,25.2%,15.8%,4.4%,2.6%,$11.91,$14.89,$15.92,$20.30,$25.03,18.4%,42.7%,22.7%,12.3%,4.0%,$11.65,$14.24,$16.20,$20.83,$25.64,30.3%,36.8%,21.0%,8.4%,3.4%,$11.53,$14.21,$15.75,$19.17,$26.97,42.3%,33.7%,16.7%,5.6%,1.6%
1978,$15.11,$18.80,$20.31,$27.00,$32.82,25.6%,36.1%,20.8%,12.2%,5.4%,$17.56,$22.69,$23.72,$31.39,$35.73,27.2%,32.7%,20.8%,12.7%,6.6%,$11.38,$14.71,$15.88,$20.67,$26.22,23.4%,40.5%,20.8%,11.5%,3.8%,$15.63,$19.07,$20.61,$27.30,$32.77,22.6%,37.0%,21.5%,13.1%,5.8%,$13.28,$17.29,$17.82,$24.28,$32.01,39.1%,34.5%,16.8%,6.9%,2.6%,$14.25,$16.70,$19.29,$22.54,$32.64,49.9%,27.2%,17.1%,4.2%,1.6%,$18.28,$23.19,$24.14,$31.81,$35.78,24.2%,33.3%,21.6%,13.8%,7.2%,$15.16,$19.86,$19.86,$26.60,$34.68,41.8%,33.4%,16.0%,6.4%,2.4%,$15.78,$19.05,$21.99,$25.55,$36.23,52.9%,24.9%,16.6%,3.9%,1.7%,$11.44,$14.72,$15.86,$20.53,$25.64,20.4%,41.9%,21.4%,12.2%,4.0%,$11.07,$14.85,$15.93,$22.26,$29.78,36.4%,35.7%,17.6%,7.4%,2.9%,$11.43,$13.74,$15.34,$18.58,$25.32,45.2%,31.0%,17.9%,4.7%,1.3%
1977,$15.37,$18.79,$20.07,$27.15,$32.64,26.2%,36.4%,20.2%,11.9%,5.3%,$17.85,$22.70,$23.33,$31.54,$35.44,28.1%,33.0%,20.3%,12.3%,6.4%,$11.43,$14.60,$15.66,$20.87,$26.50,23.7%,41.0%,20.0%,11.5%,3.9%,$15.80,$19.09,$20.35,$27.45,$32.72,23.3%,37.5%,20.8%,12.8%,5.6%,$13.74,$16.46,$18.20,$23.80,$31.48,40.2%,34.4%,16.4%,6.2%,2.9%,$14.45,$17.70,$18.40,$25.97,$28.01,50.9%,25.4%,16.7%,5.2%,1.8%,$18.46,$23.20,$23.78,$31.93,$35.80,25.0%,33.8%,20.9%,13.3%,6.9%,$15.68,$18.84,$19.89,$25.50,$30.17,44.4%,32.1%,16.0%,5.1%,2.3%,$16.32,$19.86,$20.49,$29.63,$28.77,53.0%,22.6%,16.9%,5.5%,2.0%,$11.51,$14.63,$15.60,$20.76,$25.49,21.0%,42.3%,20.6%,12.1%,4.0%,$11.18,$14.25,$16.48,$22.57,$32.42,35.6%,36.8%,16.7%,7.4%,3.5%,$11.06,$15.04,$14.96,$18.78,$26.48,47.4%,29.9%,16.5%,4.6%,1.6%
1976,$15.31,$19.02,$20.53,$27.49,$32.77,27.1%,36.2%,20.0%,11.6%,5.1%,$17.79,$22.84,$23.68,$31.82,$35.22,29.0%,32.8%,20.4%,11.7%,6.1%,$11.32,$14.87,$16.05,$21.42,$27.13,24.5%,41.0%,19.5%,11.4%,3.6%,$15.63,$19.30,$20.79,$27.74,$32.89,24.2%,37.3%,20.7%,12.4%,5.4%,$13.89,$16.92,$19.16,$23.74,$32.38,41.6%,34.4%,15.6%,6.2%,2.2%,$14.60,$17.62,$18.12,$23.51,$30.54,53.5%,24.0%,16.0%,4.8%,1.7%,$18.30,$23.21,$24.04,$32.21,$35.30,25.8%,33.7%,21.2%,12.7%,6.6%,$15.95,$19.92,$21.47,$25.39,$34.63,46.6%,31.3%,15.8%,4.4%,2.0%,$15.98,$20.22,$20.21,$26.60,$37.21,57.8%,19.7%,15.5%,5.2%,1.8%,$11.25,$14.93,$16.02,$21.20,$26.97,21.9%,42.2%,20.1%,12.1%,3.8%,$11.14,$14.33,$16.70,$22.81,$30.51,36.3%,37.7%,15.4%,8.0%,2.5%,$12.05,$15.10,$15.20,$17.73,$18.29,47.1%,30.5%,16.8%,4.2%,1.5%
1975,$15.11,$18.83,$20.36,$27.48,$33.56,28.2%,36.3%,19.3%,11.5%,4.7%,$17.47,$22.73,$23.53,$31.64,$35.70,29.9%,32.8%,19.7%,11.7%,5.8%,$11.28,$14.45,$15.65,$21.35,$28.09,25.9%,41.1%,18.7%,11.1%,3.2%,$15.58,$19.17,$20.68,$27.86,$33.77,25.2%,37.5%,20.0%,12.2%,5.0%,$13.42,$16.09,$18.36,$24.51,$31.82,44.1%,32.6%,14.7%,6.4%,2.2%,$14.10,$17.10,$18.07,$21.98,$22.42,52.1%,25.5%,15.2%,4.9%,2.3%,$18.13,$23.22,$23.95,$32.12,$35.88,26.7%,33.9%,20.5%,12.7%,6.2%,$15.30,$18.67,$20.57,$24.65,$34.22,48.5%,28.9%,15.0%,5.2%,2.4%,$15.54,$19.45,$20.41,$27.34,$23.17,55.9%,23.3%,14.2%,4.0%,2.6%,$11.34,$14.52,$15.67,$21.19,$28.25,23.1%,42.5%,19.3%,11.6%,3.4%,$10.90,$13.87,$15.82,$24.40,$28.86,39.4%,36.6%,14.2%,7.7%,2.1%,$11.25,$14.01,$14.89,$16.47,$20.65,45.9%,29.0%,16.9%,6.3%,1.8%
1974,$15.45,$18.87,$20.38,$27.69,$33.53,30.4%,36.0%,18.5%,10.6%,4.6%,$18.03,$22.85,$23.40,$32.00,$35.85,32.0%,32.4%,19.3%,10.6%,5.8%,$11.24,$14.41,$15.65,$21.58,$26.90,28.0%,41.1%,17.5%,10.6%,2.9%,$15.86,$19.20,$20.69,$27.93,$33.52,27.3%,37.1%,19.3%,11.4%,5.0%,$13.64,$16.34,$17.83,$24.87,$32.16,46.6%,32.1%,14.0%,5.8%,1.6%,$15.08,$17.17,$18.19,$24.86,$25.65,54.4%,25.9%,13.8%,4.4%,1.4%,$18.58,$23.31,$23.86,$32.33,$35.92,28.8%,33.4%,20.2%,11.5%,6.2%,$15.87,$19.28,$19.82,$25.73,$33.65,50.5%,29.8%,13.2%,4.5%,2.0%,$16.83,$19.68,$19.35,$28.96,$26.64,57.6%,22.1%,14.6%,4.1%,1.6%,$11.33,$14.51,$15.55,$21.39,$26.65,25.1%,42.5%,18.0%,11.2%,3.2%,$10.75,$13.59,$15.89,$24.29,$29.58,42.3%,34.5%,14.8%,7.2%,1.3%,$11.57,$14.23,$15.88,$18.96,$23.37,49.0%,32.4%,12.6%,4.8%,1.2%
1973,$15.78,$19.42,$21.04,$28.66,$33.34,31.6%,36.3%,17.6%,10.3%,4.2%,$18.51,$23.51,$24.18,$32.93,$35.03,33.4%,32.6%,18.3%,10.5%,5.2%,$11.26,$14.83,$16.09,$22.28,$28.60,28.9%,41.7%,16.6%,10.1%,2.7%,$16.31,$19.79,$21.35,$29.05,$33.30,28.4%,37.5%,18.5%,11.1%,4.5%,$13.78,$16.33,$18.19,$25.42,$36.70,47.0%,32.0%,13.3%,5.9%,1.7%,$14.48,$17.21,$19.58,$22.37,$31.76,57.9%,25.9%,10.1%,4.3%,1.8%,$19.18,$24.07,$24.61,$33.47,$35.15,30.2%,33.5%,19.3%,11.4%,5.7%,$16.28,$18.80,$20.58,$26.36,$36.83,50.5%,30.6%,12.5%,4.5%,1.9%,$16.10,$19.53,$20.58,$24.55,$37.23,61.1%,22.6%,10.5%,4.0%,1.8%,$11.43,$14.95,$16.06,$22.12,$27.80,25.9%,43.3%,17.4%,10.6%,2.8%,$10.50,$13.80,$15.83,$24.77,$36.53,43.2%,33.6%,14.2%,7.4%,1.5%,$11.29,$14.38,$17.67,$19.43,$21.93,52.4%,31.6%,9.3%,5.0%,1.7%